url,label
https://www.google.com,0
https://www.facebook.com,0
https://www.amazon.com,0
https://www.youtube.com,0
https://www.wikipedia.org,0
https://www.reddit.com,0
https://www.linkedin.com,0
https://www.twitter.com,0
https://www.instagram.com,0
https://www.netflix.com,0
https://www.microsoft.com,0
https://www.apple.com,0
https://www.paypal.com,0
https://github.com,0
https://stackoverflow.com,0
https://www.spotify.com,0
https://www.dropbox.com,0
https://www.zoom.us,0
https://www.adobe.com,0
https://salesforce.com,0
https://www.ibm.com,0
https://www.cisco.com,0
https://www.oracle.com,0
https://www.sap.com,0
https://www.intel.com,0
https://www.nvidia.com,0
http://paypal-verify-account.xyz,1
http://secure-login-apple.com,1
https://amazon-account-update.tk,1
http://facebook-security-verify.ml,1
https://netflix-account-suspended.ga,1
http://apple-id-verify.cf,1
https://bankofamerica-login.gq,1
http://chase-secure-message.xyz,1
https://paypal-verification.tk,1
http://microsoft-account-alert.ml,1
https://google-security-alert.ga,1
http://instagram-verify-account.cf,1
https://wellsfargo-online-banking.gq,1
http://capitalone-secure.xyz,1
https://update-account-now.ru,1
http://secure-banking-login.net,1
https://verify-identity.com,1
http://account-security-alert.org,1
https://confirm-payment.info,1
http://login-secure-verify.xyz,1